Date,Media Pump,Effluent Pump,Acid Pump,Water Pump,Gas Pump,Base Pump,N2 Mass Flow Controller,N2 MFC Set Point,DO mg/L,pH,Ammonium,DO Amp (A),pH Amp (A),NH4 Amp (A),Reactor Status,N2 Valve,Clock,Air Mass Flow Controller,Air MFC Set Point
2016-03-10 12:51:26,0,0,0,0,1,0,435.8700218743775,437.9090509200073,0.09835813338459154,7.323371542375014,-0.04702843068756124,0.004068578545124002,0.01236956747700002,0.003989967268119987,0,0,03/10/1612:49 PM,-125,-37.923209795310825
2016-03-10 12:52:01,0,0,0,0,1,0,447.8709416618777,449.33569444500483,0.09805981148473997,7.342993240625013,-0.1197121224375408,0.004068459210636006,0.01239199227500002,0.0039744614138799905,0,0,03/10/1612:50 PM,-125,-49.34639006437305
2016-03-10 12:52:33,0,0,0,0,1,0,494.24905657875337,518.645740449378,0.1033099490960314,7.304039537375022,-0.1045543136250338,0.004070559366488004,0.012347473757000021,0.003977695079759993,0,0,03/10/1612:50 PM,-125,-121.7279473178105
2016-03-10 12:53:07,0,0,1,0,1,0,425.22962978687934,426.7468502962553,0.0924343128016396,7.334055773625018,-0.1314571183125643,0.004066208903148007,0.01238177802700002,0.003971955814759986,0,0,03/10/1612:51 PM,-125,-26.75825425406053
2016-03-10 12:53:40,0,0,0,0,1,0,394.0049043756295,395.2015223681267,0.08723334912988713,7.31916095137502,-0.1341781448438191,0.004064128417816009,0.01236475537300002,0.003971375329099985,0,0,03/10/1612:51 PM,-125,4.791206469689371
2016-03-10 12:54:12,0,0,0,0,1,0,221.41520397187958,224.0108132625008,0.06945696998704243,7.3239566653750225,-0.1435864399688391,0.0040570175248360076,0.012370236189000029,0.003969368226139981,0,0,03/10/1612:52 PM,-125,175.980248303126
2016-03-10 12:54:45,0,0,1,0,1,0,38.459880704379714,37.91933454375175,0.05854855106627355,7.347639805625019,-0.153455926031338,0.004052653947816004,0.01239730263500002,0.003967262735779981,0,0,03/10/1612:53 PM,-125,362.069983114066
2016-03-10 12:55:18,0,0,0,0,1,0,20.30298287187978,22.15239984375199,0.0630856665542634,7.3076363228750125,-0.1672916541563367,0.004054468881127999,0.01235158436900002,0.003964311113779982,0,0,03/10/1612:53 PM,-125,377.83783678500396
2016-03-10 12:55:50,0,0,0,0,1,0,-0.2909806931202326,-0.007397156248757142,0.04831709337981849,7.299929335125011,-0.1483367066250594,0.004048561168288005,0.01234277638300001,0.003968354835919986,0,0,03/10/1612:54 PM,-125,400.3656769718807
2016-03-10 12:56:23,0,0,0,0,1,0,-0.284731281245115,-0.007397156248757142,0.034028785681510236,7.323973874875016,-0.1304271252188265,0.004042845570860005,0.01237025585700002,0.0039721755466199824,0,0,03/10/1612:54 PM,-125,400.398166845006
2016-03-10 12:56:56,0,0,0,0,1,0,359.41830272375466,362.4545435775012,0.09559783624522213,7.324054185875019,-0.1261534225312886,0.004067474373268007,0.01237034764100002,0.003973087269859992,0,0,03/10/1612:55 PM,-125,37.536912430007156
2016-03-10 12:57:29,0,0,0,0,1,0,499.23147703312964,524.3149219687522,0.1811555736467003,7.329919757125027,-0.1073983244062653,0.0041016991110160075,0.01237705115100003,0.003977088357459997,0,0,03/10/1612:55 PM,-125,-127.982447218743
2016-03-10 12:58:01,0,0,1,0,1,0,499.22225658938,524.3149219687522,0.2656609887420522,7.343489447875028,-0.1326562147500283,0.004135502899636003,0.01239255936900003,0.003971700007519994,0,0,03/10/1612:56 PM,-125,-127.982447218743
2016-03-10 12:58:34,0,0,0,0,1,0,499.17553967438033,524.3149219687522,0.3290920924829237,7.282983714125029,-0.1302119027812445,0.0041608765590680045,0.01232340995900003,0.003972221460740001,0,0,03/10/1612:56 PM,-125,-127.982447218743
2016-03-10 12:59:07,0,0,0,0,1,0,484.19160143500534,508.58525239500227,0.3437606786469676,7.303113092625017,-0.1043852102812259,0.004166744275183995,0.01234641496300002,0.003977731155140005,0,0,03/10/1612:57 PM,-125,-112.1430360971805
2016-03-10 12:59:40,0,0,0,0,1,0,494.2103307150061,519.0716987775022,0.3306427107096539,7.306580806875024,-0.1172985565312281,0.004161496836131996,0.01235037806500003,0.003974976307940005,0,0,03/10/1612:57 PM,-125,-122.7026435115555
2016-03-10 13:00:12,0,0,0,0,1,0,499.16959761063066,524.3149219687522,0.2958898485071089,7.322565564125018,-0.1060147515937224,0.0041475950239639936,0.01236864635900002,0.003977383519660006,0,0,03/10/1612:58 PM,-125,-127.982447218743
2016-03-10 13:00:45,0,0,0,0,1,0,494.1563398943807,519.0716987775022,0.2740058062815702,7.355472996375035,-0.1352696300624601,0.0041388409868799965,0.01240625485300004,0.003971142478920008,0,0,03/10/1612:59 PM,-125,-122.7026435115555
2016-03-10 13:02:23,0,0,0,0,1,0,-0.2857557750000268,-0.007397156250164016,0.011693643212900891,7.266410965624999,-0.1430176378125054,0.004033911085017241,0.012304469675,0.003969489570599999,0,0,03/10/1601:00 PM,-125,224.8615614062495
2016-03-10 13:02:58,0,0,0,0,1,0,10.17114948187486,10.889164893749893,0.08904885381591221,7.306207934375008,-0.1493052075937662,0.004064854654549783,0.012349951925000009,0.003968148222379997,0,0,03/10/1601:01 PM,-125,389.0988666749965
2016-03-10 13:03:31,0,0,0,0,1,0,109.44787223687479,117.941011918125,0.1671885356866678,7.288926728125016,-0.1170679610625172,0.004096112027651993,0.01233020197500002,0.003975025501639996,0,0,03/10/1601:01 PM,-125,281.53566027436835
2016-03-10 13:04:03,0,0,0,0,1,0,494.23922143874944,519.0716987774996,0.2160248141727639,7.342700679125002,-0.1170525880312816,0.004115647476747989,0.012391657919,0.003975028781219993,0,0,03/10/1601:02 PM,-125,-122.7026435115688
2016-03-10 13:04:36,0,0,0,0,1,0,494.10286132062487,519.0716987774996,0.2593601679559239,7.329850919125002,-0.1123176944062898,0.004132982450339985,0.012376972479000001,0.003976038891859992,0,0,03/10/1601:02 PM,-125,-122.7026435115688
2016-03-10 13:05:09,0,0,0,0,1,0,499.22737905812517,519.0716987774996,0.2829603806713568,7.376233389875011,-0.1127788853437899,0.004142422988571994,0.012429981017000007,0.003975940504459992,0,0,03/10/1601:03 PM,-125,-122.7026435115688
2016-03-10 13:05:44,0,0,0,0,1,0,494.16453584437585,519.0716987774996,0.2701374563712484,7.379256525375018,-0.1198965988125451,0.004137293572639986,0.01243343602900002,0.00397442205891999,0,0,03/10/1601:03 PM,-125,-122.7026435115688
2016-03-10 13:06:17,0,0,0,0,1,0,499.1713392500003,524.3149219687497,0.2731665710467599,7.412020545125022,-0.1194507809062948,0.0041385052766719855,0.01247088062300002,0.00397451716673999,0,0,03/10/1601:04 PM,-125,-127.98244721875628
2016-03-10 13:06:50,0,0,0,0,1,0,499.2153924812506,524.3149219687497,0.2327160883831407,7.4370058708750175,-0.09316289746878326,0.004122324306919989,0.01249943528100002,0.0039801252485399926,0,0,03/10/1601:05 PM,-125,-127.98244721875628
2016-03-10 13:07:22,0,0,0,0,1,0,494.21975605750055,519.0716987774996,0.2059343217796457,7.450839440625005,-0.1116105349687686,0.004111611086043988,0.01251524507500001,0.003976189752539996,0,0,03/10/1601:05 PM,-125,-122.7026435115688
2016-03-10 13:07:55,0,0,0,0,1,0,499.1564840906256,524.3149219687497,0.1771151149479806,7.462490272125008,-0.1374218544375303,0.00410008284995599,0.01252856031100001,0.003970683337719993,0,0,03/10/1601:06 PM,-125,-127.98244721875628
2016-03-10 13:08:32,0,0,0,0,1,0,494.1631015531249,519.0716987774996,0.1305014985289716,7.4887892563750125,-0.1179134777812578,0.00408143650836399,0.01255861629300001,0.003974845124739997,0,0,03/10/1601:06 PM,-125,-122.7026435115688
2016-03-10 13:09:05,0,0,0,0,1,0,499.20279120812484,524.3149219687497,0.1145773377753567,7.507447222625013,-0.1218489737812689,0.004075066538303981,0.012579939683000007,0.0039740055522599965,0,0,03/10/1601:07 PM,-125,-127.98244721875628
2016-03-10 13:09:39,0,0,0,0,1,0,292.9592907118748,292.80133956562315,0.07320074591710757,7.519247203125,-0.1406963100937446,0.004058515107091983,0.012593425375000002,0.003969984787180001,0,0,03/10/1601:07 PM,-125,107.1925095309313
2016-03-10 13:10:12,0,0,0,0,1,0,77.83957636562566,76.88570348249934,0.05303779157537214,7.54070458137501,-0.1370221556249902,0.004050449538207983,0.012617948093000007,0.003970768606800002,0,0,03/10/1601:08 PM,-125,323.1077485462428
2016-03-10 13:10:45,0,0,0,0,1,0,-0.2927223324993093,-0.007397156250434022,0.03464673818831443,7.557567023124987,-0.1446164330625095,0.004043092763727984,0.01263721945499999,0.003969148494279998,0,0,03/10/1601:08 PM,-125,421.88912163311653
2016-03-10 13:11:18,0,0,0,0,1,0,-0.2954884656241603,-0.007397156250434022,0.04281452954550247,7.5595834028749795,0.02001335859372944,0.004046360037099982,0.01263952388899998,0.004004269516499996,0,0,03/10/1601:09 PM,-125,399.9979234999925
2016-03-10 13:11:51,0,0,0,0,1,0,-0.2888292562491444,-0.007397156250434022,0.038529840280467915,7.581267372874963,-0.1295662354687614,0.004044646079123985,0.012664305568999959,0.003972359203099998,0,0,03/10/1601:10 PM,-125,421.5868462184298
2016-03-10 13:12:23,0,0,0,0,1,0,286.8980783387508,291.0051405525,0.1059194461541235,7.580794111624992,-0.1367608140937833,0.004071603215415989,0.01266376469899999,0.003970824359659993,0,0,03/10/1601:10 PM,-125,108.9862295815567
2016-03-10 13:12:56,0,0,0,0,1,0,499.19316096687623,524.3149219687524,0.2187670808676394,7.5829166166249955,-0.115330808531251,0.004116744436079988,0.01266619041899999,0.00397539609418,0,0,03/10/1601:11 PM,-125,-127.98244721875572
2016-03-10 13:13:28,0,0,0,0,1,0,494.1952706568767,519.0716987775025,0.3129138663749984,7.601620474874992,-0.1073214592499774,0.004154404957987983,0.01268756625699999,0.003977104755360005,0,0,03/10/1601:11 PM,-125,-122.7026435115682
2016-03-10 13:14:01,0,0,0,0,1,0,494.2668827700018,519.0716987775025,0.361700970921552,7.626009204624992,-0.09597616218749394,0.004173920736563976,0.01271543909099999,0.003979525085400002,0,0,03/10/1601:12 PM,-125,-122.7026435115682
2016-03-10 13:14:33,0,0,0,0,1,0,499.1635530975019,524.3149219687524,0.4014564619064114,7.638113219625013,-0.1106574070312298,0.004189823696299987,0.012729272251000007,0.003976393086500004,0,0,03/10/1601:12 PM,-125,-127.98244721875572
2016-03-10 13:15:07,0,0,0,0,1,0,499.179944997502,524.3149219687524,0.4173724270034089,7.655727142875002,-0.1085513017499729,0.0041961903879399855,0.012749402449,0.003976842388960006,0,0,03/10/1601:13 PM,-125,-127.98244721875572
2016-03-10 13:15:39,0,0,0,0,1,0,499.1824037825022,524.3149219687524,0.375836839407329,7.658844930624977,-0.1140855929999738,0.00417957535537999,0.01275296563499998,0.003975661740160005,0,0,03/10/1601:13 PM,-125,-127.98244721875572
2016-03-10 13:16:12,0,0,0,0,1,0,494.2396312362519,519.0716987775025,0.3328161988371896,7.663715219124963,-0.08799755896871632,0.004162366273115985,0.012758531678999959,0.003981227187420007,0,0,03/10/1601:14 PM,-125,-122.7026435115682
2016-03-10 13:16:45,0,0,0,0,1,0,494.2554084400025,519.0716987775025,0.2993844764768934,7.695205735874972,-0.1231095623437319,0.004148992942251985,0.01279452084099997,0.003973736626700004,0,0,03/10/1601:14 PM,-125,-122.7026435115682
2016-03-10 13:17:17,0,0,0,0,1,0,499.16355309750253,524.3149219687524,0.2615615213159046,7.700136257624973,-0.1230634432499897,0.004133863033951989,0.01280015572299997,0.003973746465440003,0,0,03/10/1601:15 PM,-125,-127.98244721875572
2016-03-10 13:17:50,0,0,0,0,1,0,499.20371325250227,524.3149219687524,0.2083028665340638,7.722824115124986,-0.1033244711249779,0.004112558549423997,0.01282608470299998,0.003977957446160005,0,0,03/10/1601:16 PM,-125,-127.98244721875572
2016-03-10 13:18:23,0,0,0,0,1,0,494.20008577750167,519.0716987775025,0.1612860238108507,7.728549142124972,-0.1167605004374792,0.004093750909567999,0.01283262759099997,0.003975091093240004,0,0,03/10/1601:16 PM,-125,-122.7026435115682
2016-03-10 13:18:56,0,0,0,0,1,0,499.2448979012524,524.3149219687524,0.1207650585005577,7.754343314374976,-0.1163608016249746,0.004077541745404002,0.01286210664499997,0.003975176362320004,0,0,03/10/1601:17 PM,-125,-127.98244721875572
2016-03-10 13:19:28,0,0,0,0,1,0,388.3893467837522,388.0896623381287,0.08136034161775996,7.761981464124974,-0.1100271127499646,0.004061779102044001,0.01287083595899997,0.003976527549280007,0,0,03/10/1601:17 PM,-125,11.90001064186939
2016-03-10 13:20:01,0,0,0,0,1,0,-0.2717202106231582,-0.007397156245801284,0.0514101341767077,7.766034301374973,-0.1438477814999679,0.0040497984439959965,0.012875467772999971,0.003969312473280007,0,0,03/10/1601:18 PM,-125,399.9979234999967
2016-03-10 13:20:34,0,0,0,0,1,0,-0.2947713199982616,-0.007397156245801284,0.04557154842230204,7.784606220124978,-0.1570839614062223,0.004047462897588005,0.01289669282299997,0.003966488754900006,0,0,03/10/1601:18 PM,-125,399.9979234999967
2016-03-10 13:21:07,0,0,0,0,1,0,-0.2802235087482501,-0.007397156245801284,0.03881668826114648,7.7952646371249745,-0.1297507118437125,0.0040447608238240035,0.01290887387099997,0.003972319848140008,0,0,03/10/1601:19 PM,-125,417.70649894812243
2016-03-10 13:21:39,0,0,0,0,1,0,1.783106903751801,3.2227121025041745,0.062172670410200574,7.802053784874955,-0.1191586933124782,0.004054103665140006,0.01291663289699995,0.0039745794787600045,0,0,03/10/1601:19 PM,-125,396.76797166531
2016-03-10 13:22:12,0,0,0,0,1,0,499.1743102818771,524.3149219687515,0.1316587252394807,7.826121270624951,-0.1153923006562216,0.0040818994212680135,0.01294413859499994,0.003975382975860006,0,0,03/10/1601:20 PM,-125,-127.8052478493763
2016-03-10 13:22:44,0,0,0,0,1,0,499.2237933300016,524.3149219687515,0.2275528247317649,7.825897547124938,-0.1313956261874552,0.004120258902320017,0.01294388291099993,0.003971968933080009,0,0,03/10/1601:20 PM,-125,-127.9824472187513
2016-03-10 13:23:17,0,0,0,0,1,0,499.224715374376,524.3149219687515,0.3061229453249403,7.8331284053749375,-0.1167758734687006,0.0041516884591760155,0.01295214674899993,0.0039750878136600104,0,0,03/10/1601:21 PM,-125,-127.9824472187513
2016-03-10 13:23:50,0,0,0,0,1,0,494.18738205500114,519.0716987775015,0.3516727655186145,7.849093084874935,-0.1353926143124262,0.004169909261852014,0.01297039209699993,0.003971116242280016,0,0,03/10/1601:22 PM,-125,-122.70264351156379
2016-03-10 13:24:23,0,0,0,0,1,0,489.2448144075008,513.8284755862516,0.3799215546516361,7.84564831662494,-0.1183746687186513,0.00418120931990801,0.01296645521899993,0.003974746737340021,0,0,03/10/1601:22 PM,-125,-117.4228398043763
2016-03-10 13:24:56,0,0,0,0,1,0,494.3110384506261,519.0716987775015,0.3361157701802195,7.858566914624938,-0.1053075921561586,0.004163686165008008,0.01298121933099993,0.003977534380340019,0,0,03/10/1601:23 PM,-125,-122.70264351156379
2016-03-10 13:25:28,0,0,0,0,1,0,494.2160678800012,519.0716987775015,0.2987616065761465,7.8809220551249375,-0.1062607200936334,0.00414874378233201,0.01300676806299993,0.003977331046380025,0,0,03/10/1601:23 PM,-125,-122.70264351156379
2016-03-10 13:26:02,0,0,0,0,1,0,494.2220099437506,519.0716987775015,0.2723601184384137,7.881822685624938,-0.1293048939373911,0.004138182680144012,0.01300779735499993,0.003972414955960023,0,0,03/10/1601:24 PM,-125,-122.70264351156379
2016-03-10 13:26:34,0,0,0,0,1,0,499.1839405231261,524.3149219687515,0.2336749802041869,7.8941991843749415,-0.1024635813748915,0.004122707882060013,0.01302194192499993,0.0039781411026400225,0,0,03/10/1601:24 PM,-125,-127.9824472187513
2016-03-10 13:27:07,0,0,0,0,1,0,499.1867066562512,524.3149219687515,0.209060145202983,7.9224256326249405,-0.1517341465311262,0.004112861475432014,0.01305420072299993,0.003967630048740027,0,0,03/10/1601:25 PM,-125,-127.9824472187513
2016-03-10 13:27:39,0,0,0,0,1,0,499.21436798750125,524.3149219687515,0.1762906318951352,7.899668937124933,-0.1164837858748555,0.004099753040904017,0.01302819307099992,0.003975150125680031,0,0,03/10/1601:25 PM,-125,-127.9824472187513
2016-03-10 13:28:12,0,0,0,0,1,0,494.1700681106258,519.0716987775015,0.1153854295152072,7.917205417624933,-0.1037395429686327,0.004075389790516027,0.01304823476299992,0.003977868897500025,0,0,03/10/1601:26 PM,-125,-122.70264351156379
2016-03-10 13:28:45,0,0,0,0,1,0,431.2891005206262,433.14011115375365,0.098336824677542,7.890866277874932,-0.1570685883748695,0.004068570021232036,0.01301813288899992,0.0039664920344800285,0,0,03/10/1601:26 PM,-125,-33.14749743250151
2016-03-10 13:29:17,0,0,0,0,1,0,257.2361156937508,258.6031132781299,0.07414324642505221,7.918269538374922,-0.1593437969998845,0.004058892125392039,0.013049450900999907,0.003966006656640025,0,0,03/10/1601:27 PM,-125,141.38740335968518
2016-03-10 13:29:50,0,0,0,0,1,0,-0.2960007124991222,-0.0073971562449770545,0.05873705116790084,7.939259391874923,-0.1738559384998517,0.004052729351476031,0.01307343930499991,0.003962910733120032,0,0,03/10/1601:28 PM,-125,399.9979234999969
2016-03-10 13:30:24,0,0,0,0,1,0,-0.2928247818741028,-0.0073971562449770545,0.04882194582581079,7.942443149374948,-0.1488286436248671,0.004048763118960034,0.01307707788499994,0.003968249889360028,0,0,03/10/1601:28 PM,-125,403.25119628655966
2016-03-10 13:31:00,0,0,0,0,1,0,-0.2899561993741742,-0.0073971562449770545,0.05438679665014412,7.947161420624932,-0.1441398690936069,0.004050989166140032,0.01308247019499993,0.003969250161260029,0,0,03/10/1601:29 PM,-125,402.9162316743717
2016-03-10 13:31:33,0,0,0,0,1,0,412.1551429987506,420.07898332125603,0.1070684772080757,7.968048017124943,-0.1218182277186237,0.004072062849900025,0.013106340590999929,0.003974012111420029,0,0,03/10/1601:29 PM,-125,-20.85825275406573
2016-03-10 13:32:06,0,0,0,0,1,0,494.2286691531253,519.071698777505,0.1796311815210743,7.983309975374931,-0.1099348745623736,0.004101089324896025,0.01312378282899992,0.003976547226760027,0,0,03/10/1601:30 PM,-125,-122.70264351156573
2016-03-10 13:32:40,0,0,0,0,1,0,499.21641697500036,524.3149219687549,0.2703849652003445,7.9913812308749375,-0.1016026916248691,0.004137392580924022,0.01313300712099993,0.003978324759120028,0,0,03/10/1601:30 PM,-125,-127.98244721875321
2016-03-10 13:33:12,0,0,0,0,1,0,499.1944928087506,524.3149219687549,0.3281725398136075,8.009041046124944,-0.11699109590614395,0.004160508720344019,0.01315318976699993,0.003975041899540023,0,0,03/10/1601:31 PM,-125,-127.98244721875321
2016-03-10 13:33:46,0,0,0,0,1,0,499.2063769362512,524.3149219687549,0.3347946303379761,8.006577219374963,-0.08452325390612714,0.004163157683704008,0.01315037396499996,0.003981968372500025,0,0,03/10/1601:32 PM,-125,-127.98244721875321
2016-03-10 13:34:20,0,0,0,0,1,0,494.2693415550011,519.071698777505,0.3383433496412813,7.989066553124963,-0.1563306828748701,0.004164577239564011,0.01313036177499996,0.003966649454320028,0,0,03/10/1601:32 PM,-125,-122.70264351156573
2016-03-10 13:34:53,0,0,0,0,1,0,499.19900058125165,524.3149219687549,0.3054377884340216,7.994464599624969,-0.09706764740611007,0.004151414383264005,0.01313653097099996,0.00397929223522003,0,0,03/10/1601:33 PM,-125,-127.98244721875321
2016-03-10 13:35:26,0,0,0,0,1,0,494.19957353062654,519.071698777505,0.2293116126358612,8.022682443124959,-0.08263237106238107,0.004120962451252004,0.01316877993499995,0.003982371760840026,0,0,03/10/1601:33 PM,-125,-122.70264351156573
2016-03-10 13:36:00,0,0,0,0,1,0,499.19090708062635,524.3149219687549,0.1825291656911112,8.039301083624967,-0.120219432468641,0.004102248574208006,0.013187772666999959,0.003974353187740022,0,0,03/10/1601:34 PM,-125,-127.98244721875321
2016-03-10 13:36:32,0,0,0,0,1,0,499.1827111306264,524.3149219687549,0.1544442896898737,8.030616022624956,-0.112978734749877,0.004091014084552007,0.01317784688299995,0.0039758978699200274,0,0,03/10/1601:34 PM,-125,-127.98244721875321
2016-03-10 13:37:05,0,0,0,0,1,0,499.21365084187636,524.3149219687549,0.1147051900182419,8.042352901624955,-0.0866447322186481,0.004075117681656016,0.01319126045899995,0.003981515790460022,0,0,03/10/1601:35 PM,-125,-127.98244721875321
2016-03-10 13:37:38,0,0,0,0,1,0,430.137467096252,430.2233677293797,0.08669079666367807,8.033994821124967,-0.1184515338749073,0.004063911386412019,0.013181708366999959,0.003974730339440021,0,0,03/10/1601:35 PM,-125,-30.235368313753227
2016-03-10 13:38:11,0,0,0,0,1,0,114.91784926687693,113.871640203757,0.05011030304167008,8.056642523124971,-0.1403581034061716,0.004049278486584024,0.013207591454999971,0.003970056937940017,0,0,03/10/1601:36 PM,-125,286.116333736248
2016-03-10 13:38:44,0,0,0,0,1,0,-0.2941566237483642,-0.007397156243243329,0.03799056607698681,8.059989770874969,-0.1516726544061626,0.004044430359088031,0.013211416880999959,0.003967643167060018,0,0,03/10/1601:36 PM,-125,400.1473171190622
2016-03-10 13:39:16,0,0,0,0,1,0,31.459105113126675,31.94695040625658,0.05965004731195477,8.060351170374965,-0.1450776239999207,0.004053094567464019,0.01321182990899996,0.003969050106880017,0,0,03/10/1601:37 PM,-125,368.0422396999997
2016-03-10 13:39:49,0,0,0,0,1,0,239.36044139562648,240.62348697750733,0.07775917011232991,8.064802694374965,-0.1369760365311912,0.004060338564296018,0.013216917364999959,0.0039707784455400115,0,0,03/10/1601:38 PM,-125,159.3648673896896
2016-03-10 13:40:22,0,0,0,0,1,0,404.2808840362519,406.0502575181345,0.1021576397795485,8.044776572874953,-0.1362535040624344,0.00407009842063601,0.01319403036899994,0.003970932585800014,0,0,03/10/1601:38 PM,-125,-6.061108789372213
2016-03-10 13:40:55,0,0,0,0,1,0,494.2076670312522,519.0716987775107,0.1381709939655469,8.079141076124937,-0.1011415006874152,0.004084504453800001,0.01323330408699993,0.003978423146520018,0,0,03/10/1601:39 PM,-125,-122.70264351155993
2016-03-10 13:41:28,0,0,0,0,1,0,499.1725686425017,524.3149219687608,0.1815522434256032,8.07450598412496,-0.1224177759374072,0.004101857786543995,0.01322800683899995,0.003973884207800021,0,0,03/10/1601:39 PM,-125,-127.98244721874741
2016-03-10 13:42:01,0,0,0,0,1,0,499.19008748562624,524.3149219687608,0.20144638023122505,8.101668311624978,-0.1458309025311912,0.004109815823252007,0.01325904949899997,0.003968889407460013,0,0,03/10/1601:40 PM,-125,-127.98244721874741
2016-03-10 13:42:34,0,0,0,0,1,0,499.25647468062635,524.3149219687608,0.1925868754578897,8.105471611124997,-0.1034320823436978,0.0041062718512320144,0.013263396127,0.003977934489100011,0,0,03/10/1601:40 PM,-125,-127.98244721874741
2016-03-10 13:43:07,0,0,0,0,1,0,494.20674498687583,519.0716987775107,0.1659886915619975,8.122276687875011,-0.1371912589686879,0.004095632066964013,0.01328260192900002,0.003970732531420013,0,0,03/10/1601:41 PM,-125,-122.70264351155993
2016-03-10 13:43:40,0,0,0,0,1,0,494.2178095193755,519.0716987775107,0.1396707991214594,8.100552562375029,-0.059357601749947975,0.004085104404660007,0.01325777435700003,0.003987337044960011,0,0,03/10/1601:41 PM,-125,-122.70264351155993
2016-03-10 13:44:13,0,0,0,0,1,0,467.8737723331258,473.33742493125953,0.09317192189471336,8.115754287375031,-0.1215415131561883,0.00406650396094801,0.01327514775700003,0.003974071143860013,0,0,03/10/1601:42 PM,-125,-73.34883197749731
2016-03-10 13:44:49,0,0,0,0,1,0,465.95356369750084,466.8901595325109,0.08990677230942623,8.115507617875023,-0.1177290014061825,0.004065197838420014,0.01327486584900003,0.003974884479700015,0,0,03/10/1601:43 PM,-125,-66.90098743280986
2016-03-10 13:45:21,0,0,0,0,1,0,173.3813022562509,174.3166713750105,0.06965038748255202,8.117096628375014,-0.1451852352186798,0.004057094895548007,0.01327668186100002,0.003969027149820015,0,0,03/10/1601:43 PM,-125,225.67380823437787
2016-03-10 13:45:54,0,0,0,0,1,0,-0.2830920912488324,-0.007397156238781122,0.04540599615920193,8.134182793625017,-0.1380982678124347,0.0040473966735040095,0.01329620890700002,0.003970539036200014,0,0,03/10/1601:44 PM,-125,399.9979235000003
2016-03-10 13:46:27,0,0,0,0,1,0,-0.2883170093738414,-0.007397156238781122,0.02688217313538566,8.119606347125035,-0.1653853982811988,0.004039986788620008,0.01327955011100004,0.003964717781700011,0,0,03/10/1601:44 PM,-125,400.2624269456262
2016-03-10 13:47:00,0,0,0,0,1,0,-0.2943615224988037,-0.007397156238781122,0.04823021941998462,8.157240655375023,-0.1471222371562426,0.004048526417036011,0.01332256074900003,0.0039686139227400035,0,0,03/10/1601:45 PM,-125,400.01327147687516
2016-03-10 13:47:32,0,0,0,0,1,0,-0.2910831424988203,-0.007397156238781122,0.05903373393639377,8.122334052875022,-0.1553314358437774,0.004052848030280011,0.01328266748900003,0.003966862627019994,0,0,03/10/1601:45 PM,-125,399.9979235000001
2016-03-10 13:48:05,0,0,0,0,1,0,499.2299402925007,524.3149219687623,0.1370137672551071,8.120699150375042,-0.1121639640937708,0.004084041540896004,0.01328079902900005,0.003976071687659995,0,0,03/10/1601:46 PM,-125,-127.67628497875108
2016-03-10 13:48:38,0,0,0,0,1,0,499.21508513312517,524.3149219687623,0.2449931819543973,8.13831020537503,-0.0924557380312656,0.004127235380080002,0.01330092594900003,0.003980276109219996,0,0,03/10/1601:46 PM,-125,-127.98244721875109
2016-03-10 13:49:13,0,0,0,0,1,0,494.2343038687504,519.0716987775123,0.3480011113664396,8.157249260125022,-0.1299505612500162,0.004168440529692001,0.013322570583000027,0.003972277213599997,0,0,03/10/1601:47 PM,-125,-122.7026435115636
2016-03-10 13:49:46,0,0,0,0,1,0,494.1898408400006,519.0716987775123,0.3931739313569995,8.157177553875021,-0.1067987761875102,0.0041865105250480025,0.01332248863300002,0.003977216261079997,0,0,03/10/1601:48 PM,-125,-122.7026435115636
2016-03-10 13:50:20,0,0,0,0,1,0,494.1916849287506,519.0716987775123,0.3971242378331965,8.147241935875027,-0.1413727234687272,0.004188090723488006,0.01331113364100003,0.003969840485660005,0,0,03/10/1601:48 PM,-125,-122.7026435115636
2016-03-10 14:10:39,0,0,0,0,1,0,136.3350960093758,137.0853228731303,1.2731169924125243,8.271067156625007,-0.1071369828750299,0.004538504645187978,0.013452648179000009,0.003977144110319994,0,0,03/10/1602:08 PM,-125,262.9031166859338
2016-03-10 14:11:12,0,0,0,0,1,0,130.1680534318756,130.93976550187972,1.2698715124030675,8.274167734874997,-0.1776530772187854,0.004537206390867988,0.013456191697,0.003962100676859992,0,0,03/10/1602:09 PM,-125,269.0503800731224
2016-03-10 14:11:45,0,0,0,0,1,0,131.8557019862507,132.4661410875055,1.2628445564431399,8.264949179374998,-0.1465226889375231,0.004534395473559986,0.013445656205,0.0039687418263599965,0,0,03/10/1602:09 PM,-125,267.5239540093708
2016-03-10 14:12:18,0,0,0,0,1,0,129.59433693187572,130.1881856962556,1.2575976970944729,8.271130258125002,-0.1240780633125347,0.004532296629075985,0.013452720295,0.003973530013159993,0,0,03/10/1602:10 PM,-125,269.80243093999593
2016-03-10 14:12:52,0,0,0,0,1,0,133.24081753625072,133.8540179418807,1.2704058692127025,8.286544233624989,-0.1389437845312784,0.004537420143851985,0.013470336266999993,0.003970358659299994,0,0,03/10/1602:11 PM,-125,266.1355600753079
2016-03-10 14:13:24,0,0,0,0,1,0,133.7773449131258,134.4462743868813,1.267480019810206,8.276224270124986,-0.1381597599375191,0.004536249747911982,0.013458542022999979,0.003970525917879996,0,0,03/10/1602:11 PM,-125,265.5446629656203
2016-03-10 14:13:58,0,0,0,0,1,0,130.1092474906258,130.85287996687958,1.265219657722781,8.278306619624997,-0.1317645789375348,0.004535345559675975,0.013460921850999999,0.003971890223159993,0,0,03/10/1602:12 PM,-125,269.13728550062
2016-03-10 14:14:30,0,0,0,0,1,0,136.6809650993762,137.30921254875508,1.2769869814541208,8.278822904624988,-0.1390052766562775,0.0045400527151119715,0.013461511890999991,0.0039703455409799936,0,0,03/10/1602:12 PM,-125,262.6827635893731
2016-03-10 14:15:03,0,0,0,0,1,0,135.83965083187582,136.56062192437892,1.27990627433133,8.289033874624993,-0.1471068641250461,0.0045412204883159705,0.013473181570999993,0.0039686172023199896,0,0,03/10/1602:13 PM,-125,263.4337181721896
2016-03-10 14:15:36,0,0,0,0,1,0,138.51716524750108,139.1997700500049,1.281645392659643,8.271219173875004,-0.1406809370625588,0.00454191616903997,0.013452821913,0.003969988066759987,0,0,03/10/1602:13 PM,-125,260.7909759462527
2016-03-10 14:16:10,0,0,0,0,1,0,139.453552535001,140.0825749125049,1.280768457404555,8.296666287875004,-0.1688750763750519,0.0045415653780999715,0.013481904329000007,0.003963973317039989,0,0,03/10/1602:14 PM,-125,259.9087662625006
2016-03-10 14:16:42,0,0,0,0,1,0,139.0692649293762,139.772098620005,1.2773639816572258,8.287155170874987,-0.1402658652188045,0.004540203522431967,0.013471034480999991,0.003970076615419989,0,0,03/10/1602:14 PM,-125,260.2163237731276
2016-03-10 14:17:15,0,0,0,0,1,0,129.4732417706261,130.15171768500548,1.260446507324977,8.28234511562499,-0.1445395679062926,0.004533436207867968,0.013465537274999993,0.0039691648921799895,0,0,03/10/1602:15 PM,-125,269.838608314065
2016-03-10 14:17:48,0,0,0,0,1,0,125.1198604787512,125.81889946313032,1.2542505909432629,8.279918576124999,-0.1277214717187825,0.004530957722347978,0.013462764087,0.003972752752699993,0,0,03/10/1602:16 PM,-125,274.16942867187856
2016-03-10 14:18:21,0,0,0,0,1,0,127.2505001306264,127.94719651312978,1.255247182784565,8.277950956624997,-0.1381905060000435,0.00453135637821998,0.013460515379,0.003970519358719991,0,0,03/10/1602:16 PM,-125,272.04064434687945
2016-03-10 14:18:54,0,0,0,0,1,0,129.7771066168766,130.3617574875058,1.258409067096823,8.273017566624986,-0.1430945029687969,0.004532621192655976,0.01345487721899999,0.00396947317269999,0,0,03/10/1602:17 PM,-125,269.6288194093797
2016-03-10 14:19:28,0,0,0,0,1,0,136.5716516162515,137.2557062043802,1.2758658156326699,8.283939862624997,-0.1084436905313098,0.004539604227255975,0.013467359843,0.0039768653460199865,0,0,03/10/1602:17 PM,-125,262.7329933318845
2016-03-10 14:20:01,0,0,0,0,1,0,137.9950832325014,138.5962543556289,1.274095553809323,8.301596809625018,-0.1396201979063214,0.004538896088535979,0.013487539211000021,0.003970214357779985,0,0,03/10/1602:18 PM,-125,261.3924372478232
2016-03-10 14:20:34,0,0,0,0,1,0,138.8319921768767,139.4907170250037,1.279027699944939,8.293846798125003,-0.162464522343825,0.004540869041691978,0.013478682055,0.003965340901899985,0,0,03/10/1602:18 PM,-125,260.4977697906369
2016-03-10 14:21:07,0,0,0,0,1,0,136.4881553756267,137.1135208162541,1.2736415144342572,8.297360404375006,-0.141326604375088,0.004538714464067978,0.013482697605000009,0.003969850324399981,0,0,03/10/1602:19 PM,-125,262.8785001256354
2016-03-10 14:21:41,0,0,0,0,1,0,125.0679186456265,125.78223217312879,1.2540030821142472,8.299938961124997,-0.1470914910938319,0.0045308587140639725,0.013485644527,0.0039686204818999826,0,0,03/10/1602:19 PM,-125,274.20909422251
2016-03-10 14:22:14,0,0,0,0,1,0,125.8700972518766,126.48837642375427,1.256119200645694,8.29738908687499,-0.1444012106251051,0.004531705202107978,0.01348273038499999,0.003969194408399978,0,0,03/10/1602:20 PM,-125,273.4999977584465
2016-03-10 14:22:46,0,0,0,0,1,0,125.80012432875151,126.4162375162538,1.25494722175338,8.309756980875003,-0.1256307394688569,0.004531236388047978,0.013496865121,0.0039731987755799785,0,0,03/10/1602:21 PM,-125,273.57065824938513
2016-03-10 14:23:19,0,0,0,0,1,0,130.5916815975013,131.2106849625036,1.263831313496523,8.309097283375028,-0.1495819221563721,0.004534790195327984,0.013496111181000027,0.003968089189939975,0,0,03/10/1602:21 PM,-125,268.77670770626133
2016-03-10 14:23:52,0,0,0,0,1,0,137.43427535375142,138.0459460875027,1.274431575729517,8.306521594875035,-0.1394203485001313,0.004539030503755987,0.01349316753700004,0.003970256992319972,0,0,03/10/1602:22 PM,-125,261.9458613750124
2016-03-10 14:24:25,0,0,0,0,1,0,133.4892572706266,134.169874760628,1.267676715568358,8.306392523625037,-0.1442167342501222,0.004536328429991982,0.01349302002700004,0.003969233763359974,0,0,03/10/1602:22 PM,-125,265.82252114438893
2016-03-10 14:24:58,0,0,0,0,1,0,129.3426188175017,130.0191973162531,1.257258396911649,8.30460847212503,-0.1336862078438905,0.004532160902487979,0.01349098111100003,0.00397148027565997,0,0,03/10/1602:23 PM,-125,269.97115902345297
2016-03-10 14:25:31,0,0,0,0,1,0,126.7938832662513,127.40735037937692,1.25429320835754,8.307310363625026,-0.1458616485938862,0.004530974770131982,0.01349406898700003,0.003968882848299971,0,0,03/10/1602:23 PM,-125,272.5809130653267
2016-03-10 14:26:04,0,0,0,0,1,0,123.55463892750141,124.3117542768763,1.255815961351896,8.311707390875013,-0.1507348995001152,0.004531583900567985,0.01349909416100002,0.003967843221439975,0,0,03/10/1602:24 PM,-125,275.6799087856404
2016-03-10 14:26:37,0,0,0,0,1,0,125.70966153062628,126.4738290750014,1.263528074202709,8.326467405375006,-0.1473989517188876,0.004534668893787985,0.013515962749000007,0.003968554890299971,0,0,03/10/1602:24 PM,-125,273.51434911345183
2016-03-10 14:27:10,0,0,0,0,1,0,129.04213480062668,129.68899242750152,1.266252310453105,8.317587303375024,-0.1600509564376225,0.004535758640595989,0.01350581406100003,0.003965855795959974,0,0,03/10/1602:25 PM,-125,270.3017384993892
2016-03-10 14:27:43,0,0,0,0,1,0,136.41049874937661,137.10933596250058,1.2803504789185571,8.310147062875025,-0.1664000183438858,0.004541398178679999,0.01349731092900003,0.003964501329419971,0,0,03/10/1602:25 PM,-125,262.87969607188893
2016-03-10 14:28:16,0,0,0,0,1,0,138.68733365937652,139.3271091712515,1.281914210195854,8.31261088962503,-0.1614345292501334,0.004542023701215999,0.013500126731000027,0.0039655606337599715,0,0,03/10/1602:26 PM,-125,260.6644049681409
2016-03-10 14:28:48,0,0,0,0,1,0,134.4147849243766,135.01531485750058,1.266945663000623,8.329889227625028,-0.1213570367813794,0.0045360359949280045,0.01351987340300003,0.003974110498819973,0,0,03/10/1602:27 PM,-125,264.9741966043912
2016-03-10 14:29:21,0,0,0,0,1,0,127.8178647693766,128.5276955118754,1.259246663200335,8.317931493375013,-0.14188003350014,0.004532956247179997,0.01350620742100002,0.003969732259519971,0,0,03/10/1602:27 PM,-125,271.4611087265794
2016-03-10 14:29:54,0,0,0,0,1,0,130.3901636768767,131.0804562993754,1.2638247569712848,8.318837860375012,-0.1376524499063905,0.004534787572591997,0.01350724326900001,0.00397063414401997,0,0,03/10/1602:28 PM,-125,268.9096570643916
2016-03-10 14:30:27,0,0,0,0,1,0,137.2516081181266,137.9660353087514,1.277260716384294,8.332565304875017,-0.1369452904689084,0.0045401622143400044,0.01352293177700002,0.0039707850046999645,0,0,03/10/1602:28 PM,-125,262.0230995703268
2016-03-10 14:31:10,0,0,0,0,1,0,134.5540136250014,135.2357171549997,1.269428946947279,8.32692058887501,-0.1399430315626482,0.004537029356188008,0.013516480673000007,0.003970145486599968,0,0,03/10/1602:29 PM,-125,264.7534448590749
2016-03-10 14:31:43,0,0,0,0,1,0,130.1363965750015,130.7184664500001,1.257635397114855,8.32467474912502,-0.1380675217501235,0.004532311709808013,0.01351391399900002,0.003970545595359974,0,0,03/10/1602:29 PM,-125,269.26903891251214
2016-03-10 14:32:16,0,0,0,0,1,0,125.2099134793766,125.8932304368766,1.25265243790839,8.333764233375023,-0.1247083575938817,0.004530318430448017,0.01352430198100003,0.003973395550379972,0,0,03/10/1602:30 PM,-125,274.0952800043863
2016-03-10 14:32:49,0,0,0,0,1,0,149.1780472100015,149.9039284668771,1.24753343080253,8.339928102625024,-0.1220795692501326,0.004528270729316019,0.013531346403000029,0.0039739563585599715,0,0,03/10/1602:31 PM,-125,250.08805430626217
2016-03-10 14:33:22,0,0,0,0,1,0,147.5506388881265,148.2353674931275,1.2464745519711309,8.336225191875021,-0.1186052641876501,0.00452784715745201,0.01352711450500002,0.003974697543639968,0,0,03/10/1602:31 PM,-125,251.75380810814048
2016-03-10 14:33:55,0,0,0,0,1,0,238.2768343562514,239.05566141187612,1.234349897612478,8.326702601875033,-0.1258613349376461,0.00452299706290401,0.01351623154500004,0.003973149581879969,0,0,03/10/1602:32 PM,-125,160.9330519100165
2016-03-10 14:34:29,0,0,0,0,1,0,229.6601247731264,230.45847721875032,1.2294915123861507,8.32929549987504,-0.1461844822501277,0.004521053615528005,0.01351919485700004,0.003968813977119972,0,0,03/10/1602:32 PM,-125,169.5321047718916
2016-03-10 14:35:02,0,0,0,0,1,0,212.1604396812514,212.8613664787513,1.207199326462446,8.339337243125057,-0.1357000749376205,0.004512136313128008,0.01353067113500007,0.003971050650679975,0,0,03/10/1602:33 PM,-125,187.12975620532933
2016-03-10 14:35:36,0,0,0,0,1,0,155.86870854312681,156.37460911875132,1.140558803601094,8.328764873625056,-0.1327945720313757,0.004485478824424009,0.01351858842700007,0.003971670491299973,0,0,03/10/1602:33 PM,-125,243.6199783375187
2016-03-10 14:36:09,0,0,0,0,1,0,-0.2928247818731081,-0.00739715624861503,1.0683173690264052,8.337745364375062,-0.1479370078126223,0.00445658086349201,0.01352885184500007,0.003968440104999974,0,0,03/10/1602:34 PM,-125,399.9979235000206
2016-03-10 14:36:42,0,0,0,0,1,0,-0.296103161873134,-0.00739715624861503,1.01888116847795,8.353231046125062,-0.168306274218871,0.004436805434052014,0.01354654976700007,0.003964094661499974,0,0,03/10/1602:34 PM,-125,399.9979235000206
2016-03-10 14:37:16,0,0,0,0,1,0,-0.2810431037481465,-0.00739715624861503,1.027037485915937,8.327672070375042,-0.110519049750085,0.004440068117636021,0.01351733950900005,0.003976422602719982,0,0,03/10/1602:35 PM,-125,399.9979235000206
2016-03-10 14:37:49,0,0,0,0,1,0,29.742360936251767,31.280362987501412,1.110847909332518,8.342604179875037,-0.1437709163438505,0.0044735938962400254,0.01353440477700004,0.003969328871179978,0,0,03/10/1602:36 PM,-125,368.7089797343952
2016-03-10 14:38:21,0,0,0,0,1,0,195.90131407125182,196.9059140812513,1.2151146915967157,8.35025953912504,-0.1394357215313704,0.004515302611164022,0.01354315375900005,0.003970253712739975,0,0,03/10/1602:36 PM,-125,203.081885260958
2016-03-10 14:38:54,0,0,0,0,1,0,261.2778459868767,262.1844513337483,1.265655666653469,8.33327663087503,-0.1119026225626385,0.004535519971620025,0.01352374472100003,0.0039761274405199715,0,0,03/10/1602:37 PM,-125,137.8058433275213
2016-03-10 14:39:27,0,0,0,0,1,0,269.3013736887515,270.20053869187353,1.27599858526953,8.349278597625025,-0.1288129569376473,0.004539657337660021,0.01354203268300003,0.003972519902519968,0,0,03/10/1602:37 PM,-125,129.7879206809584
2016-03-10 14:39:59,0,0,0,0,1,0,266.58165013062666,267.41492068499906,1.268350398540106,8.331590099875028,-0.1152078242814163,0.0045365979161160145,0.013521817257000027,0.0039754223308199645,0,0,03/10/1602:38 PM,-125,132.5759703762707
2016-03-10 14:40:32,0,0,0,0,1,0,252.8840662437522,253.6981657650012,1.2572551186491108,8.36133385237502,-0.1335017314689075,0.004532159591120018,0.01355581011700002,0.003971519630619968,0,0,03/10/1602:38 PM,-125,146.29347386377069
2016-03-10 14:41:05,0,0,0,0,1,0,243.69589404687719,244.4107796212503,1.236195559476489,8.358680721125005,-0.150950121937651,0.0045237353630880215,0.013552777967,0.0039677973073199676,0,0,03/10/1602:39 PM,-125,155.5774052781459
2016-03-10 14:41:38,0,0,0,0,1,0,206.87753521000232,207.4212558824996,1.19671872081569,8.349883798375004,-0.1325486035314221,0.004507943869632018,0.013542724341000009,0.003971722964579963,0,0,03/10/1602:39 PM,-125,192.57161062939545
2016-03-10 14:42:11,0,0,0,0,1,0,131.8750649181275,132.380152306872,1.117309364987731,8.364382802125,-0.1442321072814181,0.0044761786025680145,0.013559294631,0.003969230483779964,0,0,03/10/1602:40 PM,-125,267.6111584234567
2016-03-10 14:42:44,0,0,0,0,1,0,-0.2936443768725496,-0.007397156253333038,1.026096624539445,8.353299884125,-0.1664153913751427,0.004439691755020019,0.013546628439,0.0039644980498399676,0,0,03/10/1602:40 PM,-125,399.9979235000188
2016-03-10 14:43:17,0,0,0,0,1,0,-0.2844239331227669,-0.007397156253333038,0.9678877931774752,8.350896290625013,-0.1324256192814133,0.004416407104812021,0.013543881475000021,0.003971749201219964,0,0,03/10/1602:41 PM,-125,399.9979235000188
2016-03-10 14:43:50,0,0,0,0,1,0,-0.2892390537478207,-0.007397156253333038,1.0168093064921122,8.353087633625039,-0.15399398212516502,0.004435976649476018,0.01354638586700004,0.0039671479504799646,0,0,03/10/1602:42 PM,-125,399.9979235000188
2016-03-10 14:44:23,0,0,0,0,1,0,-0.2963080606226924,-0.007397156253333038,1.09766929353642,8.357418691125046,-0.1751933922189011,0.004468322196880018,0.01355133564700005,0.003962625409659967,0,0,03/10/1602:42 PM,-125,399.9979235000188
2016-03-10 14:44:56,0,0,0,0,1,0,176.2761117962526,177.38795546999532,1.198170991163378,8.352947089375025,-0.1334556123751511,0.004508524805656023,0.01354622524500003,0.003971529469359968,0,0,03/10/1602:43 PM,-125,222.605010156895
2016-03-10 14:45:29,0,0,0,0,1,0,233.24984842375218,234.18927433686798,1.238459199826536,8.351515832625015,-0.1272141616876361,0.004524640862692025,0.013544589523000021,0.003972860978839971,0,0,03/10/1602:43 PM,-125,165.796965308771
2016-03-10 14:46:02,0,0,0,0,1,0,248.5600879225024,249.3849764999915,1.249270909999543,8.362598750625008,-0.1282749008438806,0.004528965754356026,0.01355725571500001,0.003972634687819972,0,0,03/10/1602:44 PM,-125,150.60725198752118
2016-03-10 14:46:35,0,0,0,0,1,0,239.9109018875024,240.72123320436268,1.2365102726895358,8.361018344875013,-0.1287975839063833,0.004523861254416026,0.01355544953700001,0.003972523182099972,0,0,03/10/1602:44 PM,-125,159.2675970947084
2016-03-10 14:47:08,0,0,0,0,1,0,215.57026222937768,216.26225762623608,1.212836299064801,8.355841153625017,-0.1281365435626292,0.0045143912104040175,0.01354953274700002,0.003972664204039972,0,0,03/10/1602:45 PM,-125,183.72918270564583
2016-03-10 14:47:41,0,0,0,0,1,0,173.52350198875286,174.14588948623341,1.16991400637375,8.349313016625015,-0.1614191562188694,0.00449722146918002,0.01354207201900002,0.003965563913339975,0,0,03/10/1602:45 PM,-125,225.8472204406447
2016-03-10 14:48:14,0,0,0,0,1,0,123.9031717012527,124.34114789248319,1.111941209921541,8.361830059625014,-0.1533636878438642,0.004474031237468015,0.013556377211000007,0.003967282413259976,0,0,03/10/1602:46 PM,-125,275.6508074268949
2016-03-10 14:48:47,0,0,0,0,1,0,-0.2871900662474189,-0.007397156266662819,1.015766818973891,8.350815979625008,-0.1484596908750859,0.00443555963445201,0.01354378969100001,0.003968328599279982,0,0,03/10/1602:47 PM,-125,399.99792350002093
2016-03-10 14:49:20,0,0,0,0,1,0,-0.2914929399974397,-0.007397156266662819,1.001934189781961,8.367876330624998,-0.1373603623125881,0.0044300263171760095,0.013563287235,0.003970696456039981,0,0,03/10/1602:47 PM,-125,399.99792350002093
2016-03-10 14:49:53,0,0,0,0,1,0,-0.2923125349973787,-0.007397156266662819,1.06681592473919,8.364319700624995,-0.1479370078126045,0.00445598025694801,0.01355922251499999,0.0039684401049999785,0,0,03/10/1602:48 PM,-125,399.99792350002093
2016-03-10 14:50:27,0,0,0,0,1,0,144.1883528500026,145.1723534662327,1.16978615413095,8.37097404062497,-0.1366839489375948,0.004497170325828019,0.01356682747499997,0.00397084075755998,0,0,03/10/1602:48 PM,-125,254.81483253502398
2016-03-10 14:51:00,0,0,0,0,1,0,247.35569307000242,248.5418281087327,1.2644263181650128,8.37520184112497,-0.1154691658125913,0.004535028208620019,0.01357165924699997,0.0039753665779599795,0,0,03/10/1602:49 PM,-125,151.4479025390899
2016-03-10 14:51:33,0,0,0,0,1,0,284.8672243781275,285.8679336562334,1.2900820015531107,8.371665288874961,-0.12461611940634401,0.0045452909745880244,0.01356761747299996,0.003973415227859979,0,0,03/10/1602:49 PM,-125,114.1262072397155
2016-03-10 14:52:07,0,0,0,0,1,0,310.22785001375263,311.2720883456073,1.322027031808062,8.365157229624975,-0.1545781573125815,0.0045580696000640285,0.013560179690999971,0.003967023326439983,0,0,03/10/1602:50 PM,-125,88.7162362525282
2016-03-10 14:52:40,0,0,0,0,1,0,312.63131235125235,313.4901604724838,1.308800881203771,8.351389629624995,-0.09156410221881828,0.004552778885868029,0.01354444529099999,0.0039804663248599855,0,0,03/10/1602:50 PM,-125,86.49835393190331
2016-03-10 14:53:13,0,0,0,0,1,0,303.8749642700027,304.79941490623617,1.302916399772428,8.355247425874996,-0.1285669884375835,0.004550424980308026,0.013548854201,0.003972572375799982,0,0,03/10/1602:51 PM,-125,95.19108925002844
2016-03-10 14:53:46,0,0,0,0,1,0,269.5316798837522,270.3762029099866,1.267129245708276,8.363812020375,-0.1321027856250545,0.004536109431536024,0.013558642309,0.003971818072399988,0,0,03/10/1602:52 PM,-125,129.6138108394034
2016-03-10 14:54:19,0,0,0,0,1,0,232.0448388750025,232.74420448123539,1.2269131588231208,8.393825388374998,-0.1363764883125604,0.004520022224596029,0.013592943301,0.003970906349159987,0,0,03/10/1602:52 PM,-125,167.2438609469036
2016-03-10 14:54:53,0,0,0,0,1,0,174.7581194068776,175.22199473623482,1.1623412196849772,8.370279924125002,-0.1258459619063039,0.004494192209100027,0.013566034199000002,0.003973152861459988,0,0,03/10/1602:53 PM,-125,224.77385868127868
2016-03-10 14:55:26,0,0,0,0,1,0,26.76569434562768,26.09572774873416,1.071541540328782,8.375956190874998,-0.1259074540313065,0.004457870593920021,0.013572521361,0.003973139743139989,0,0,03/10/1602:53 PM,-125,373.8940047012783
2016-03-10 14:55:59,0,0,0,0,1,0,-0.2887268068723898,-0.0073971562659949095,0.9873721471535736,8.358606146624984,-0.1344856054688286,0.004424201220520014,0.013552692738999979,0.003971309737499983,0,0,03/10/1602:54 PM,-125,399.99792350002787
2016-03-10 14:56:32,0,0,0,0,1,0,-0.2930296806224391,-0.0073971562659949095,0.9616722072199247,8.360570897874986,-0.1604967743438301,0.004413920751084021,0.01355493816899998,0.003965760688139983,0,0,03/10/1602:54 PM,-125,399.9979235000279
2016-03-10 14:57:05,0,0,0,0,1,0,-0.2958982631223961,-0.0073971562659949095,0.992007610520684,8.35493478662498,-0.1460768710313367,0.004426055494872027,0.01354849689899998,0.003968836934179982,0,0,03/10/1602:55 PM,-125,399.99792350002787
2016-03-10 14:57:38,0,0,0,0,1,0,-0.2976399024975365,-0.0073971562659949095,1.0627328486262908,8.367540745374981,-0.1618803471563517,0.004454346948104025,0.01356290370899998,0.003965465525939979,0,0,03/10/1602:55 PM,-125,399.9979235000279
2016-03-10 14:58:12,0,0,0,0,1,0,118.9337623175026,119.8231997118592,1.1412390430980592,8.376228674624988,43.18976031721871,0.004485750933284021,0.013572832770999993,0.013213815534339993,0,0,03/10/1602:56 PM,-125,280.1694910081522
2016-03-10 14:58:45,0,0,0,0,1,0,201.3000887856275,202.2025439774845,1.2133936037128932,8.341889985624972,7.125997204499915,0.004514614142964018,0.01353358855499997,0.005520212736959982,0,0,03/10/1602:56 PM,-125,197.78264742721038
2016-03-10 14:59:18,0,0,0,0,1,0,241.8192263956274,242.741620811236,1.2464335736882342,8.36146292362497,-0.1040470035938021,0.00452783076535203,0.01355595762699996,0.003977803305899989,0,0,03/10/1602:57 PM,-125,157.2465475943987
2016-03-10 14:59:53,0,0,0,0,1,0,233.4010637012519,234.2499547162358,1.232604222758955,8.365306378624972,-0.1211879334375467,0.0045222987594440356,0.01356035014699997,0.00397414657419999,0,0,03/10/1602:58 PM,-125,165.7407558350235
2016-03-10 15:00:26,0,0,0,0,1,0,216.45163420250182,217.1611044281131,1.2162112704484351,8.366783527374977,-0.06672128371877761,0.004515741263760034,0.01356203831699998,0.003985766126139993,0,0,03/10/1602:58 PM,-125,182.82903382814945
2016-03-10 15:00:59,0,0,0,0,1,0,193.35759853937668,193.89670531686352,1.179843863897739,8.367818965624972,0.030943583812497618,0.004501193602852032,0.013563221674999971,0.00400660129788,0,0,03/10/1602:59 PM,-125,206.09228129658808
2016-03-10 15:01:33,0,0,0,0,1,0,130.4731476706268,130.86284390436322,1.113303328046779,8.346504999874966,0.9302197928437614,0.004474576110872033,0.01353886285699996,0.004198446889140003,0,0,03/10/1602:59 PM,-125,269.1288142147145
2016-03-10 15:02:06,0,0,0,0,1,0,-0.2832969899983624,-0.0073971562616037545,1.0289175695376291,8.338990184874957,1.2091480718437528,0.004440820187184036,0.01353027449699995,0.00425795158866,0,0,03/10/1603:00 PM,-125,399.997923500027
2016-03-10 15:02:39,0,0,0,0,1,0,-0.3099338274985541,-0.0073971562616037545,0.9555844735052048,8.334271913624951,0.05395701159375932,0.004411485540708035,0.01352488218699995,0.0040115108291400026,0,0,03/10/1603:00 PM,-125,399.997923500027
2016-03-10 15:03:13,0,0,0,0,1,0,-0.3003035862484609,-0.0073971562616037545,1.0038765603937672,8.332608328624943,-3.307415618891696e-05,0.004430803302716037,0.01352298094699993,0.003999992944180014,0,0,03/10/1603:01 PM,-125,399.997923500027
2016-03-10 15:03:46,0,0,0,0,1,0,-0.28596067374849105,-0.0073971562616037545,1.01547177533673,8.327382377124932,-0.02189352459367555,0.004435441611332035,0.01351700843099992,0.003995329381420016,0,0,03/10/1603:02 PM,-125,399.997923500027
2016-03-10 15:04:19,0,0,0,0,1,0,-0.2779696224985315,-0.0073971562616037545,1.004084730071165,8.325532355874929,0.05461805193756675,0.0044308865745840455,0.01351489412099992,0.004011651851080014,0,0,03/10/1603:02 PM,-125,399.997923500027
2016-03-10 15:04:53,0,0,0,0,1,0,-0.2806333062483048,-0.0073971562616037545,1.014625983576702,8.335826505124933,-0.05502240693742522,0.004435103278388043,0.01352665886299992,0.003988261886520015,0,0,03/10/1603:03 PM,-125,399.997923500027
2016-03-10 15:05:25,0,0,0,0,1,0,-0.2955909149982858,-0.0073971562616037545,1.049269023980942,8.339466314374928,-0.1126559010936923,0.004448961159728044,0.01353081864499992,0.003975966741100012,0,0,03/10/1603:03 PM,-125,399.997923500027
2016-03-10 15:05:58,0,0,0,0,1,0,-0.295283566873465,-0.0073971562616037545,1.0676043469032008,8.347569120624923,-0.1222640456249344,0.0044562956409520465,0.01354007899499991,0.003973917003600014,0,0,03/10/1603:04 PM,-125,399.997923500027
2016-03-10 15:06:31,0,0,0,0,1,0,-0.2861655724985326,-0.0073971562616037545,1.08596097853259,8.334091213874924,-0.1106727800624512,0.004463638646068047,0.01352467567299991,0.00397638980692001,0,0,03/10/1603:04 PM,-125,399.997923500027
2016-03-10 15:07:04,0,0,0,0,1,0,51.1200622200015,52.69505674123837,1.10454872767782,8.343507678624931,-0.1238628408749776,0.004471074102628054,0.013535437346999921,0.0039735759272800045,0,0,03/10/1603:05 PM,-125,347.2937682087768
2016-03-10 15:07:37,0,0,0,0,1,0,121.89823743250179,122.5767338399873,1.128066983827333,8.324838239374927,-0.1329483023437206,0.004480481856660053,0.01351410084499992,0.003971637695500007,0,0,03/10/1603:05 PM,-125,277.4126355775309
2016-03-10 15:08:10,0,0,0,0,1,0,139.10665895125192,139.7735932106132,1.142792939587528,8.342512395874929,-0.12501581821871002,0.004486372521716053,0.01353429988099992,0.0039733299587800105,0,0,03/10/1603:06 PM,-125,260.2178187059681
2016-03-10 15:08:43,0,0,0,0,1,0,125.191984838752,125.750447212488,1.120025405581627,8.336712794374925,-0.1296738466874352,0.004477265070956056,0.01352767176499992,0.003972336246040014,0,0,03/10/1603:06 PM,-125,274.2408864603423
2016-03-10 15:09:16,0,0,0,0,1,0,27.08892212375196,26.40919322249005,1.094138604677708,8.341600292374926,-0.1200810751874215,0.004466909853544053,0.01353325747699992,0.0039743827039600155,0,0,03/10/1603:07 PM,-125,373.5804674594055
2016-03-10 15:09:49,0,0,0,0,1,0,-0.2819651481231489,-0.007397156259841609,1.067669912155944,8.34123315637492,-0.1421413750311729,0.004456321868312056,0.013532837892999907,0.003969676506660015,0,0,03/10/1603:08 PM,-125,399.9979235000302
2016-03-10 19:19:14,0,0,0,0,0,0,-0.3040942131240172,-0.007397156258349469,0.005542322507475106,8.051359206624888,-0.14518523521828902,0.004031450438624044,0.013201553378999873,0.003969027149820097,0,0,03/10/1607:17 PM,-125,43.9942248825356
2016-03-10 19:19:48,0,0,0,0,0,0,-0.3033770674990279,-0.007397156258349469,0.002772190580181189,8.066727290124899,-0.14418598818704,0.00403034233266404,0.01321911690299988,0.003969240322520098,0,0,03/10/1607:18 PM,-125,55.99434955503554
2016-03-10 19:20:22,0,0,0,0,0,0,-0.3006109343740349,-0.007397156258349469,-0.0003274067420075966,8.0512444766249,-0.1424795817182805,0.004029102434220039,0.01320142225899988,0.0039696043559001,0,0,03/10/1607:18 PM,-125,43.9942248825356
2016-03-10 19:20:56,0,0,0,0,0,0,-0.3007133837489988,-0.007397156258349469,0.006047174953391021,8.056519188374898,-0.1521492183745075,0.004031652389296043,0.01320745050099988,0.003967541500080105,0,0,03/10/1607:19 PM,-125,59.99439111253554
